{"sections":{"main":{"type":"main-cart","settings":{"enable_order_notes":true,"show_payment_icons":false,"gift_wrap_product":"","gift_wrap_text":"Do you want a gift wrap?","gift_wrap_button":"Add a gift wrap","show_shipping_estimator":true,"shipping_estimator_default_country":"Pakistan","trust_heading":"Our guarantees","upsell_heading":"Complete your cart","upsell_collection":"","upsell_products_count":4}},"eae80460-5144-41bd-9cd1-a383cc538516":{"type":"custom-liquid","settings":{"title":"","include_margins":true,"liquid":"<br>\n<br><br>\n<br>\n<br><br>"}},"recently-viewed-products":{"type":"recently-viewed-products","custom_css":[],"settings":{"title":"Recently viewed","show_quick_buy":false}}},"order":["main","eae80460-5144-41bd-9cd1-a383cc538516","recently-viewed-products"]}