{"sections":{"main":{"type":"main-collection","custom_css":[".product-item__title {overflow: hidden; text-overflow: ellipsis; display: -webkit-box; -webkit-line-clamp: 3; -webkit-box-orient: vertical; color: black;}",".product-item__vendor {color: #eb5600; font-weight: bolder; letter-spacing: 3px;}",".price {font-size: calc( var(--base-text-font-size) - (var(--default-text-font-size) - 20px) ); color: #2c09ed;}"],"settings":{"show_collection_image":true,"collapse_collection_description":true,"collection_image_size":"small","products_per_row":"4","default_products_per_page":24,"default_view_layout":"grid","show_quick_buy":"list_grid","show_quick_view":"list_grid","quick_links":"","quick_links_show_products_count":true,"show_filters":true,"show_filter_color_swatch":false,"open_group_filters_mode":"all_open"}},"recently-viewed-products":{"type":"recently-viewed-products","settings":{"title":"Recently viewed","show_quick_buy":true}},"d301a747-6995-4ef3-a797-0e2bdb6edc13":{"type":"promotion-list","blocks":{"template--17873903812922__d301a747-6995-4ef3-a797-0e2bdb6edc13-1678984474b8034bf5-0":{"type":"item","settings":{"image":"shopify:\/\/shop_images\/75Q70B_SAMSUNG-LEDTVSAMSUNG-LED.png","show_overlay":false,"overlay_opacity":50,"stretch_image":false,"background":"#da5944","text_color":"#ffffff","title":"Samsung LED","content":"<p>Tell more about your product, collection...<\/p>","content_position":"top_left","button_background":"#ffffff","button_text_color":"#da5944","button_text":"Learn more","button_link":"https:\/\/elux.com.pk\/collections\/led-tv?sort_by=price-descending&filter.v.price.gte=&filter.v.price.lte=&filter.p.m.custom.brand=Samsung"}},"template--17873903812922__d301a747-6995-4ef3-a797-0e2bdb6edc13-1678984474b8034bf5-1":{"type":"item","settings":{"image":"shopify:\/\/shop_images\/WW80J5413_Samsung_8kg_Front_Load_Washing_Machine_WW80J5413LED_Panel_Display_Elegant_Design_Intensive_Stain_Removal_Easy_Trouble_ShootingSAMSUNG.png","show_overlay":false,"overlay_opacity":50,"stretch_image":false,"background":"#515151","text_color":"#ffffff","title":"Samsung Washing Machine","content":"<p>Tell more about your product, collection...<\/p>","content_position":"top_left","button_background":"#ffffff","button_text_color":"#515151","button_text":"Learn more","button_link":"https:\/\/elux.com.pk\/collections\/washing-machine?sort_by=price-descending&filter.v.price.gte=&filter.v.price.lte=&filter.p.m.custom.brand=Samsung"}},"template--17873903812922__d301a747-6995-4ef3-a797-0e2bdb6edc13-1678984474b8034bf5-2":{"type":"item","settings":{"image":"shopify:\/\/shop_images\/New_Project_3.png","show_overlay":false,"overlay_opacity":50,"stretch_image":false,"background":"#3f6ab1","text_color":"#ffffff","title":"Haier Inverter Ac","content":"<p>Tell more about your product, collection...<\/p>","content_position":"top_left","button_background":"#ffffff","button_text_color":"#3f6ab1","button_text":"Learn more","button_link":"https:\/\/elux.com.pk\/collections\/ac?sort_by=best-selling&filter.v.price.gte=&filter.v.price.lte=&filter.p.m.custom.brand=Haier"}}},"block_order":["template--17873903812922__d301a747-6995-4ef3-a797-0e2bdb6edc13-1678984474b8034bf5-0","template--17873903812922__d301a747-6995-4ef3-a797-0e2bdb6edc13-1678984474b8034bf5-1","template--17873903812922__d301a747-6995-4ef3-a797-0e2bdb6edc13-1678984474b8034bf5-2"],"settings":{"expand_items":false,"section_size":"medium","stack_mobile":false}}},"order":["main","recently-viewed-products","d301a747-6995-4ef3-a797-0e2bdb6edc13"]}