{"sections":{"3115bf9d-62ce-4063-8443-3c1a5ae35fde":{"type":"slideshow","blocks":{"template--17873904075066__3115bf9d-62ce-4063-8443-3c1a5ae35fde-1679241432f85921d6-0":{"type":"image","settings":{"image":"shopify:\/\/shop_images\/Banner-1440-by-640-without-Text.webp","mobile_image":"shopify:\/\/shop_images\/Banner-1440-by-640-without-Text.webp","show_overlay":true,"overlay_opacity":62,"text_color":"#ffffff","title":"LED Super Bright Output","content":"Power Full Output Transparent + Red & Blue 9 LED","content_position":"middle_left","button_background":"#ffffff","button_text_color":"#000000","button_text":"Shop Laptop & Accessories","link":"shopify:\/\/collections\/laptop"}},"8d2f06a7-7543-41db-b10b-4e74bbdf1582":{"type":"image","settings":{"image":"shopify:\/\/shop_images\/1280x720_1.png","mobile_image":"shopify:\/\/shop_images\/1280x720_1.png","show_overlay":true,"overlay_opacity":62,"text_color":"#ffffff","title":"Refrigerator","content":"Productivity, and overall experience.","content_position":"bottom_left","button_background":"#ffffff","button_text_color":"#000000","button_text":"Shop Refrigerator","link":"https:\/\/elux.com.pk\/collections\/fridge"}},"template--17873904075066__3115bf9d-62ce-4063-8443-3c1a5ae35fde-1679241432f85921d6-1":{"type":"image","settings":{"image":"shopify:\/\/shop_images\/1920x1080.1png.png","mobile_image":"shopify:\/\/shop_images\/1920x1080.1png.png","show_overlay":true,"overlay_opacity":62,"text_color":"#ffffff","title":"All Brands Washing Machine","content":"Our washing machines offer efficiency, durability, and advanced features.","content_position":"middle_left","button_background":"#222021","button_text_color":"#ffffff","button_text":"Shop Washing Machines","link":"shopify:\/\/collections\/washing-machine"}},"8cbba3a6-5093-4f59-bfde-ea881df3e03e":{"type":"image","settings":{"image":"shopify:\/\/shop_images\/1920x1080.png","mobile_image":"shopify:\/\/shop_images\/1920x1080.png","show_overlay":true,"overlay_opacity":62,"text_color":"#ffffff","title":"Appliances for Home","content":"Our home appliances offer convenience, style, and reliable performance.","content_position":"bottom_center","button_background":"#ffffff","button_text_color":"#d07d07","button_text":"Shop Home Appliances","link":"shopify:\/\/collections\/front-page"}}},"block_order":["template--17873904075066__3115bf9d-62ce-4063-8443-3c1a5ae35fde-1679241432f85921d6-0","8d2f06a7-7543-41db-b10b-4e74bbdf1582","template--17873904075066__3115bf9d-62ce-4063-8443-3c1a5ae35fde-1679241432f85921d6-1","8cbba3a6-5093-4f59-bfde-ea881df3e03e"],"settings":{"edge_to_edge":true,"section_size":"medium","carousel_effect":"slide","autoplay":true,"cycle_speed":5}},"collection-list":{"type":"collection-list","blocks":{"1ff4aa2f-46a4-431f-b6d6-144899824dd3":{"type":"collection","settings":{"collection":"led-tv","image":"shopify:\/\/shop_images\/Home_Care_Icon_1.png","link":""}},"collection-1":{"type":"collection","settings":{"collection":"ac","image":"shopify:\/\/shop_images\/AC_icon_749bc996-65a2-4ed1-8aaf-54a2ecadc55c.png","link":""}},"d9b443e9-0de1-4a38-b3c6-cbe5a396570b":{"type":"collection","settings":{"collection":"coffee-machines","image":"shopify:\/\/shop_images\/EP2220_Philips2_2.webp","link":""}},"collection-6":{"type":"collection","settings":{"collection":"front-page","image":"shopify:\/\/shop_images\/Home_Care_Icon_92c445f6-3faf-4487-b06d-ca5f61c1ee0d.png","link":""}},"collection-2":{"type":"collection","settings":{"collection":"mobile","image":"shopify:\/\/shop_images\/Home_Care_Icon_2.png","link":""}},"collection-3":{"type":"collection","settings":{"collection":"computer","image":"shopify:\/\/shop_images\/Ellux_pcsystem.png","link":""}},"2e93a339-5fa0-4e8b-b4df-fda244af4bee":{"type":"collection","settings":{"collection":"laptop","image":"shopify:\/\/shop_images\/Ellux_laptop_a02e9e4b-d09e-41cd-b1db-9dd641d317e4.png","link":""}}},"block_order":["1ff4aa2f-46a4-431f-b6d6-144899824dd3","collection-1","d9b443e9-0de1-4a38-b3c6-cbe5a396570b","collection-6","collection-2","collection-3","2e93a339-5fa0-4e8b-b4df-fda244af4bee"],"custom_css":[".collection-item__image-wrapper--rounded {background: #ebebeb; border-radius: 4%;}"],"settings":{"title":"","link_title":"","link":"shopify:\/\/collections","round_images":true,"show_collection_title":true}},"97661852-39df-41c0-b798-42576629ee48":{"type":"collection-list","blocks":{"template--17873904075066__97661852-39df-41c0-b798-42576629ee48-16754115058a2eb887-0":{"type":"collection","settings":{"collection":"fridge","image":"shopify:\/\/shop_images\/Ellux_Refrigerator_ab4a561a-733a-4b4b-a398-6e13d7e4e4a9.png","link":""}},"template--17873904075066__97661852-39df-41c0-b798-42576629ee48-16754115058a2eb887-4":{"type":"collection","settings":{"collection":"washing-machine","image":"shopify:\/\/shop_images\/Untitled_desigsdsdsdsdsn.png","link":""}},"template--17873904075066__97661852-39df-41c0-b798-42576629ee48-16754115058a2eb887-3":{"type":"collection","settings":{"collection":"kitchen","image":"shopify:\/\/shop_images\/6_4564654n.png","link":""}},"template--17873904075066__97661852-39df-41c0-b798-42576629ee48-16754115058a2eb887-2":{"type":"collection","settings":{"collection":"small-kitchen-appliances","image":"shopify:\/\/shop_images\/small_kitchen_appliances_f3fbcea0-9ccd-457c-8270-2c4be32e8555.png","link":"shopify:\/\/collections\/small-kitchen-appliances"}},"template--17873904075066__97661852-39df-41c0-b798-42576629ee48-16754115058a2eb887-1":{"type":"collection","settings":{"collection":"tablet","image":"shopify:\/\/shop_images\/Ellux_ipad_9f7cf7a0-0e2e-431b-a6c2-6c6894e5de89.png","link":""}},"template--17873904075066__97661852-39df-41c0-b798-42576629ee48-16754115058a2eb887-5":{"type":"collection","settings":{"collection":"microwave-oven","image":"shopify:\/\/shop_images\/kjkjkjkdesign.png","link":""}}},"block_order":["template--17873904075066__97661852-39df-41c0-b798-42576629ee48-16754115058a2eb887-0","template--17873904075066__97661852-39df-41c0-b798-42576629ee48-16754115058a2eb887-4","template--17873904075066__97661852-39df-41c0-b798-42576629ee48-16754115058a2eb887-3","template--17873904075066__97661852-39df-41c0-b798-42576629ee48-16754115058a2eb887-2","template--17873904075066__97661852-39df-41c0-b798-42576629ee48-16754115058a2eb887-1","template--17873904075066__97661852-39df-41c0-b798-42576629ee48-16754115058a2eb887-5"],"custom_css":[".collection-item__image-wrapper--rounded {background: #ebebeb; border-radius: 4%;}"],"settings":{"title":"","link_title":"","link":"","round_images":true,"show_collection_title":true}},"063b99e8-a4bf-409a-9522-1b79dc9a5d73":{"type":"mosaic","blocks":{"template--17873904075066__063b99e8-a4bf-409a-9522-1b79dc9a5d73-1679308206b8069279-1":{"type":"item","settings":{"image":"shopify:\/\/shop_images\/Air_Conditioners_c969579a-e811-40e2-a314-399b4eb72847.jpg","show_overlay":true,"overlay_opacity":12,"background":"#c0c2c2","text_color":"#ffffff","title":"","content":"","content_position":"bottom_left","button_background":"#ffffff","button_text_color":"#ff8508","button_text":"","link":"shopify:\/\/collections\/ac"}},"template--17873904075066__063b99e8-a4bf-409a-9522-1b79dc9a5d73-1679308206b8069279-0":{"type":"item","settings":{"image":"shopify:\/\/shop_images\/Mobile_Phones_fba4434c-8d49-468d-bff5-f48a0635564d.jpg","show_overlay":true,"overlay_opacity":13,"background":"#814f60","text_color":"#814f60","title":"","content":"","content_position":"bottom_left","button_background":"#222021","button_text_color":"#f3f4f4","button_text":"","link":"shopify:\/\/collections\/mobile"}},"template--17873904075066__063b99e8-a4bf-409a-9522-1b79dc9a5d73-1679308206b8069279-3":{"type":"item","settings":{"image":"shopify:\/\/shop_images\/Main_Banner_22ab3f78-2039-4f29-ae23-190ff98becb3.jpg","show_overlay":true,"overlay_opacity":0,"background":"#f3f4f4","text_color":"#ffffff","title":"","content":"","content_position":"middle_center","button_background":"#f0f1ff","button_text_color":"#0f0f0f","button_text":"","link":"shopify:\/\/collections\/fridge"}},"template--17873904075066__063b99e8-a4bf-409a-9522-1b79dc9a5d73-1679308206b8069279-2":{"type":"item","settings":{"image":"shopify:\/\/shop_images\/LED_tv_66bf5e96-1536-40c0-81d4-456a15af4eb2.jpg","show_overlay":true,"overlay_opacity":0,"background":"#f3f4f4","text_color":"#ffffff","title":"","content":"","content_position":"top_left","button_background":"#a76303","button_text_color":"#e8e8e8","button_text":"","link":"shopify:\/\/collections\/led-tv"}},"template--17873904075066__063b99e8-a4bf-409a-9522-1b79dc9a5d73-1679308206b8069279-4":{"type":"item","settings":{"image":"shopify:\/\/shop_images\/Home_Appliancess_0ccce765-a2ac-4079-99ae-4659c1fec0f9.jpg","show_overlay":true,"overlay_opacity":14,"background":"#000000","text_color":"#0f0f0f","title":"","content":"","content_position":"top_left","button_background":"#0f0f0f","button_text_color":"#f3f4f4","button_text":"","link":"shopify:\/\/collections\/washing-machine"}}},"block_order":["template--17873904075066__063b99e8-a4bf-409a-9522-1b79dc9a5d73-1679308206b8069279-1","template--17873904075066__063b99e8-a4bf-409a-9522-1b79dc9a5d73-1679308206b8069279-0","template--17873904075066__063b99e8-a4bf-409a-9522-1b79dc9a5d73-1679308206b8069279-3","template--17873904075066__063b99e8-a4bf-409a-9522-1b79dc9a5d73-1679308206b8069279-2","template--17873904075066__063b99e8-a4bf-409a-9522-1b79dc9a5d73-1679308206b8069279-4"],"custom_css":["section {margin-top: 20px;}","#block-template--17873904075066__063b99e8-a4bf-409a-9522-1b79dc9a5d73-1679308206b8069279-1 {border: 1px solid #a62e36;}","#block-template--17873904075066__063b99e8-a4bf-409a-9522-1b79dc9a5d73-1679308206b8069279-0 {border: 1px solid #4e6673;}","#block-template--17873904075066__063b99e8-a4bf-409a-9522-1b79dc9a5d73-1679308206b8069279-4 {border: 1px solid #4e6673;}","#block-template--17873904075066__063b99e8-a4bf-409a-9522-1b79dc9a5d73-1679308206b8069279-2 {border: 1px solid #2c8ad9;}"],"settings":{"section_size":"small"}},"4c37380f-5553-49fd-8594-ee1b7206a983":{"type":"offers","blocks":{"template--17873904075066__4c37380f-5553-49fd-8594-ee1b7206a983-1677051541233b20a0-0":{"type":"offer","settings":{"image":"shopify:\/\/shop_images\/Untitled_design3.png","title":"Deals on LEDs","content":"<p>Take in every moment with breathtaking 4K Ultra HD.<\/p>"}},"fee33d4f-6125-428f-aa82-a079650e2150":{"type":"offer","settings":{"image":"shopify:\/\/shop_images\/Untitled_design1.png","title":"Deals on MacBook % OFF","content":"<p>Apple M1 Chip 08GB 256GB SSD 13.3\" Retina IPS LED<\/p>"}},"template--17873904075066__4c37380f-5553-49fd-8594-ee1b7206a983-1677051541233b20a0-1":{"type":"offer","settings":{"image":"shopify:\/\/shop_images\/Untitled_design_4b11b317-3c5e-4437-9f04-a57c9aeafd86.png","title":"Kitchen Appliances OFF","content":"<p>High Efficiency With Great Quality and Experience<\/p>"}}},"block_order":["template--17873904075066__4c37380f-5553-49fd-8594-ee1b7206a983-1677051541233b20a0-0","fee33d4f-6125-428f-aa82-a079650e2150","template--17873904075066__4c37380f-5553-49fd-8594-ee1b7206a983-1677051541233b20a0-1"],"custom_css":[".offer-item__title {color: #eb5600; font-weight: 500;}",".offer-item__content {color: blue;}"],"settings":{"items_per_row":3,"stack_mobile":false}},"261eebd0-df26-4951-be4b-e5992570e153":{"type":"featured-collection","custom_css":[".product-item__title {overflow: hidden; text-overflow: ellipsis; display: -webkit-box; -webkit-line-clamp: 3; -webkit-box-orient: vertical; color: black;}",".product-item__vendor {color: #eb5600; font-weight: bolder; letter-spacing: 3px;}",".price {font-size: calc( var(--base-text-font-size) - (var(--default-text-font-size) - 20px) ); color: #2c09ed;}"],"settings":{"collection":"led-tv","title":"","products_count":12,"layout":"vertical","stack_products":false,"show_quick_buy":true,"link_title":"View all","link_url":"shopify:\/\/collections\/led-tv"}},"21414aa7-db32-4768-bcb5-c98737c0d4a1":{"type":"promotion-list","blocks":{"template--17873904075066__21414aa7-db32-4768-bcb5-c98737c0d4a1-1679247790c254b8d7-0":{"type":"item","settings":{"image":"shopify:\/\/shop_images\/87878787.png","show_overlay":true,"overlay_opacity":74,"stretch_image":true,"background":"#222021","text_color":"#ffffff","title":"Laptops","content":"","content_position":"top_left","button_background":"#ffffff","button_text_color":"#222021","button_text":"","button_link":"shopify:\/\/collections\/laptop"}},"44e92785-04a0-4475-87a7-c12e9c33ac20":{"type":"item","settings":{"image":"shopify:\/\/shop_images\/pexels-pixabay-383256666.jpg","show_overlay":true,"overlay_opacity":100,"stretch_image":true,"background":"#000000","text_color":"#ffffff","title":"Vaccum Cleaners","content":"","content_position":"top_left","button_background":"#ffffff","button_text_color":"#000000","button_text":"","button_link":"shopify:\/\/collections\/vacuum-cleaner"}},"ee430e22-f528-4e1f-98fb-b6ec7327937c":{"type":"item","settings":{"image":"shopify:\/\/shop_images\/fridge.jpg","show_overlay":true,"overlay_opacity":100,"stretch_image":true,"background":"#000000","text_color":"#ffffff","title":"Refrigerators","content":"","content_position":"top_left","button_background":"#ffffff","button_text_color":"#000000","button_text":"","button_link":"shopify:\/\/collections\/fridge"}},"5850ed13-376d-4e55-ac96-69f433d06647":{"type":"item","settings":{"image":"shopify:\/\/shop_images\/Xiaomi_Mijia_Front_Loading_Drum_Washing_Machine_12_kg.jpg","show_overlay":true,"overlay_opacity":100,"stretch_image":true,"background":"#000000","text_color":"#ffffff","title":"Washing Machines","content":"","content_position":"top_left","button_background":"#ffffff","button_text_color":"#000000","button_text":"","button_link":"shopify:\/\/collections\/washing-machine"}},"template--17873904075066__21414aa7-db32-4768-bcb5-c98737c0d4a1-1679247790c254b8d7-1":{"type":"item","settings":{"image":"shopify:\/\/shop_images\/pexels-rachel-claire-5490302.jpg","show_overlay":true,"overlay_opacity":100,"stretch_image":true,"background":"#fc2a68","text_color":"#ffffff","title":"LEDs","content":"","content_position":"top_left","button_background":"#ffffff","button_text_color":"#fc2a68","button_text":"","button_link":"shopify:\/\/collections\/led-tv"}},"template--17873904075066__21414aa7-db32-4768-bcb5-c98737c0d4a1-1679247790c254b8d7-2":{"type":"item","settings":{"image":"shopify:\/\/shop_images\/GHob-Dec.jpg","show_overlay":true,"overlay_opacity":100,"stretch_image":true,"background":"#26c1ce","text_color":"#ffffff","title":"Kitchens","content":"","content_position":"top_left","button_background":"#ffffff","button_text_color":"#26c1ce","button_text":"","button_link":"shopify:\/\/collections\/kitchen"}}},"block_order":["template--17873904075066__21414aa7-db32-4768-bcb5-c98737c0d4a1-1679247790c254b8d7-0","44e92785-04a0-4475-87a7-c12e9c33ac20","ee430e22-f528-4e1f-98fb-b6ec7327937c","5850ed13-376d-4e55-ac96-69f433d06647","template--17873904075066__21414aa7-db32-4768-bcb5-c98737c0d4a1-1679247790c254b8d7-1","template--17873904075066__21414aa7-db32-4768-bcb5-c98737c0d4a1-1679247790c254b8d7-2"],"settings":{"expand_items":false,"section_size":"medium","stack_mobile":false}},"266c33e0-3b93-43d4-b26d-9da631996e0b":{"type":"collection-list","blocks":{"template--17873904075066__266c33e0-3b93-43d4-b26d-9da631996e0b-1675424964c2db851a-0":{"type":"collection","settings":{"collection":"wearable-gadgets","image":"shopify:\/\/shop_images\/hgn.png","link":""}},"template--17873904075066__266c33e0-3b93-43d4-b26d-9da631996e0b-1675424964c2db851a-1":{"type":"collection","settings":{"collection":"cameras-accessories","image":"shopify:\/\/shop_images\/camera_n_accessories.png","link":""}},"template--17873904075066__266c33e0-3b93-43d4-b26d-9da631996e0b-1675424964c2db851a-2":{"type":"collection","settings":{"collection":"personal-care","image":"shopify:\/\/shop_images\/personal_care_23abed6f-cef6-4c8e-9e96-2431bff991c1.png","link":""}},"12c2cd6f-8faa-485b-98a1-365459298e5e":{"type":"collection","settings":{"collection":"sound-system","image":"shopify:\/\/shop_images\/elux_SoundSystem2.png","link":"shopify:\/\/collections\/sound-system"}},"15945948-1d29-452c-a516-db1054d79af7":{"type":"collection","settings":{"collection":"toys","image":"shopify:\/\/shop_images\/Ellux_g6.png","link":""}},"352af013-cad3-490a-a663-cd4c639c3612":{"type":"collection","settings":{"collection":"crockery","image":"shopify:\/\/shop_images\/Ellux_crockery.png","link":"shopify:\/\/collections\/crockery"}}},"block_order":["template--17873904075066__266c33e0-3b93-43d4-b26d-9da631996e0b-1675424964c2db851a-0","template--17873904075066__266c33e0-3b93-43d4-b26d-9da631996e0b-1675424964c2db851a-1","template--17873904075066__266c33e0-3b93-43d4-b26d-9da631996e0b-1675424964c2db851a-2","12c2cd6f-8faa-485b-98a1-365459298e5e","15945948-1d29-452c-a516-db1054d79af7","352af013-cad3-490a-a663-cd4c639c3612"],"disabled":true,"custom_css":[".collection-item__image-wrapper--rounded {background: #ebebeb; border-radius: 4%; border: 1px solid #a76303;}"],"settings":{"title":"","link_title":"","link":"","round_images":true,"show_collection_title":true}},"b701807f-a119-4c9c-8e25-ad66ba75e0a0":{"type":"collection-with-image","custom_css":[".product-item__title {overflow: hidden; text-overflow: ellipsis; display: -webkit-box; -webkit-line-clamp: 3; -webkit-box-orient: vertical; color: black;}",".product-item__vendor {color: blue; font-weight: bolder; letter-spacing: 3px;}",".price {font-size: calc( var(--base-text-font-size) - (var(--default-text-font-size) - 20px) ); color: green;}"],"settings":{"collection":"built-in-oven","products_count":24,"show_quick_buy":false,"image":"shopify:\/\/shop_images\/Is-a-microwave-an-essential-appliance-in-a-kitchen.png","background":"#f1f1f1","text_color":"#f29800","title":"Built In Microwave Ovens","content":"Elevate Your Home Care Game with Our Top Products","button_background":"#202122","button_text_color":"#f29800","button_text":"Shop Home Care Products","button_link":"shopify:\/\/collections\/front-page"}},"ee4f2723-f450-417d-a4c1-3c009b527871":{"type":"logo-list","blocks":{"template--17873904075066__ee4f2723-f450-417d-a4c1-3c009b527871-1679249540453d49c8-0":{"type":"logo","settings":{"image":"shopify:\/\/shop_images\/elux.com.p3232k.png","link":"shopify:\/\/collections\/dawlance"}},"template--17873904075066__ee4f2723-f450-417d-a4c1-3c009b527871-1679249540453d49c8-2":{"type":"logo","settings":{"image":"shopify:\/\/shop_images\/elux.com.32332323pk.png","link":"shopify:\/\/collections\/electrolux"}},"template--17873904075066__ee4f2723-f450-417d-a4c1-3c009b527871-1679249540453d49c8-3":{"type":"logo","settings":{"image":"shopify:\/\/shop_images\/elux.com323.p3232k.png","link":"shopify:\/\/collections\/lg"}},"template--17873904075066__ee4f2723-f450-417d-a4c1-3c009b527871-1679249540453d49c8-4":{"type":"logo","settings":{"image":"shopify:\/\/shop_images\/elux.23232com.pk.png","link":"shopify:\/\/collections\/samsung"}},"template--17873904075066__ee4f2723-f450-417d-a4c1-3c009b527871-1679249540453d49c8-5":{"type":"logo","settings":{"image":"shopify:\/\/shop_images\/image_2.png","link":"shopify:\/\/collections\/franke"}},"735a2b4c-d836-49bc-bf5e-4e51f2b74ab6":{"type":"logo","settings":{"image":"shopify:\/\/shop_images\/elux.co2121212m.pk.png","link":"shopify:\/\/collections\/apple"}},"template--17873904075066__ee4f2723-f450-417d-a4c1-3c009b527871-1679249540453d49c8-1":{"type":"logo","settings":{"image":"shopify:\/\/shop_images\/elux.com.32323232pk.png","link":"shopify:\/\/collections\/haier"}},"cc72b3fe-92e2-4b88-9587-86976cc059a9":{"type":"logo","settings":{"image":"shopify:\/\/shop_images\/image_1.png","link":"https:\/\/elux.com.pk"}},"b1a8edf0-042c-4a30-990d-0854b8a0c247":{"type":"logo","settings":{"image":"shopify:\/\/shop_images\/elux.co4554m.pk.png","link":"shopify:\/\/collections\/philips"}},"71af037e-864f-47fa-ab24-a3e5b61d31e7":{"type":"logo","settings":{"image":"shopify:\/\/shop_images\/eluxsdsdsdsd.com.pk.png","link":"shopify:\/\/collections\/panasonic"}},"cd288c12-cc12-4f15-b017-28a15e5baa2c":{"type":"logo","settings":{"image":"shopify:\/\/shop_images\/image.jpg","link":"shopify:\/\/collections\/fotile"}},"155e4d8f-c74b-4117-9c3c-4886e0e2dcda":{"type":"logo","settings":{"image":"shopify:\/\/shop_images\/elux.com.45454545pk.png","link":"shopify:\/\/collections\/kenwood"}}},"block_order":["template--17873904075066__ee4f2723-f450-417d-a4c1-3c009b527871-1679249540453d49c8-0","template--17873904075066__ee4f2723-f450-417d-a4c1-3c009b527871-1679249540453d49c8-2","template--17873904075066__ee4f2723-f450-417d-a4c1-3c009b527871-1679249540453d49c8-3","template--17873904075066__ee4f2723-f450-417d-a4c1-3c009b527871-1679249540453d49c8-4","template--17873904075066__ee4f2723-f450-417d-a4c1-3c009b527871-1679249540453d49c8-5","735a2b4c-d836-49bc-bf5e-4e51f2b74ab6","template--17873904075066__ee4f2723-f450-417d-a4c1-3c009b527871-1679249540453d49c8-1","cc72b3fe-92e2-4b88-9587-86976cc059a9","b1a8edf0-042c-4a30-990d-0854b8a0c247","71af037e-864f-47fa-ab24-a3e5b61d31e7","cd288c12-cc12-4f15-b017-28a15e5baa2c","155e4d8f-c74b-4117-9c3c-4886e0e2dcda"],"settings":{"title":"Brands","link_title":"","link":""}},"featured-product":{"type":"featured-product","blocks":{"product-meta":{"type":"product_meta","settings":{"show_vendor":true,"show_sku":false,"show_reviews_badge":false,"show_share_buttons":true}},"featured-description":{"type":"featured_description","settings":{}},"variant-selector":{"type":"variant_selector","settings":{"selector_mode":"block","color_mode":"color","show_quantity_selector":true,"show_taxes_included":false,"show_inventory_quantity":false,"low_inventory_threshold":0}},"buy-buttons":{"type":"buy_buttons","settings":{"show_payment_button":true}}},"block_order":["product-meta","featured-description","variant-selector","buy-buttons"],"custom_css":[".product-form {margin-top: 0px; height: 500px; overflow: auto; padding: 10px;}",".rte {display: none;}",".product-meta__title {color: #0046c7;}",".product-meta__vendor {font-size: 28px; font-weight: 800; color: #c36300;}"],"settings":{"product":"fotile-ksg7007a-built-in-oven","title":"Featured product","link_title":"View details","link_url":"shopify:\/\/collections\/built-in-oven","image_size":"medium","enable_image_zoom":false,"enable_video_looping":true,"zoom_effect":"outside","carousel_effect":"fade"}},"f033a6bc-10d2-4e61-b239-6eb80b110133":{"type":"featured-collection","custom_css":[".button--primary {background: black;}",".product-item__title {overflow: hidden; text-overflow: ellipsis; display: -webkit-box; -webkit-line-clamp: 3; -webkit-box-orient: vertical; color: black;}",".product-item__vendor {color: #eb5600; font-weight: bolder; letter-spacing: 3px;}",".price {font-size: calc( var(--base-text-font-size) - (var(--default-text-font-size) - 20px) ); color: #2c09ed;}"],"settings":{"collection":"fridge","title":"Refrigerators","products_count":11,"layout":"vertical","stack_products":false,"show_quick_buy":true,"link_title":"View all","link_url":""}},"d929f4c0-4fd2-4880-9e6f-3c9f94b17b1a":{"type":"blog-posts","custom_css":["a {color: blue;}"],"settings":{"blog":"news","blog_posts_count":3,"title":"Blog posts","link_title":"View all","show_category":true,"show_author":false,"show_date":true,"show_excerpt":false,"stack_mobile":false}},"text-with-icons":{"type":"text-with-icons","blocks":{"icon-1":{"type":"item","settings":{"icon":"bi-delivery","title":"Delivery nationwide","content":"<p>Enjoy complimentary delivery on all orders.<\/p>"}},"icon-2":{"type":"item","settings":{"icon":"bi-returns","title":"Satisfied or refunded","content":"<p>Guaranteed satisfaction or money back.<\/p>"}},"icon-3":{"type":"item","settings":{"icon":"bi-customer-support","title":"Top-notch support","content":"<p>Premium quality products, unbeatable performance.<\/p>"}},"icon-4":{"type":"item","settings":{"icon":"bi-secure-payment","title":"Secure payments","content":"<p>Secure payment options, worry-free transactions.<\/p>"}}},"block_order":["icon-1","icon-2","icon-3","icon-4"],"disabled":true,"settings":{"stack_mobile":false}},"eb21e44c-fa08-4ac1-a22f-f1b74e4c8c31":{"type":"recently-viewed-products","custom_css":[".product-item__title {overflow: hidden; text-overflow: ellipsis; display: -webkit-box; -webkit-line-clamp: 3; -webkit-box-orient: vertical; color: black;}",".product-item__vendor {color: #eb5600; font-weight: bolder; letter-spacing: 3px;}"],"settings":{"title":"Recently viewed","show_quick_buy":true}},"168067434382d53729":{"type":"apps","blocks":{"b42c1a9a-bcfa-4a93-9e7d-296d56de97e0":{"type":"shopify:\/\/apps\/instafeed\/blocks\/app-block\/c447db20-095d-4a10-9725-b5977662c9d5","settings":{"title":"","title_color":"","alignment":"center","html_area":""}}},"block_order":["b42c1a9a-bcfa-4a93-9e7d-296d56de97e0"],"settings":{"include_margins":true}},"42e14a0a-6a87-4b9b-92c7-c8756c97bb26":{"type":"custom-html","settings":{"title":"Click to Navigate Our Location:","html":"<iframe src=\"https:\/\/www.google.com\/maps\/embed?pb=!1m18!1m12!1m3!1d27217.494718983064!2d74.36042813955075!3d31.491547800000017!2m3!1f0!2f0!3f0!3m2!1i1024!2i768!4f13.1!3m3!1m2!1s0x391905de7c9152b1%3A0x3561f57c25dffcbd!2se-Lux%2C%20A%20Home%20Store!5e0!3m2!1sen!2s!4v1680673912818!5m2!1sen!2s\" width=\"100%\" height=\"450\" style=\"border:0;\" allowfullscreen=\"\" loading=\"lazy\" referrerpolicy=\"no-referrer-when-downgrade\"><\/iframe>"}},"3866641d-f340-4564-8746-6506f8acff7b":{"type":"text-with-icons","blocks":{"template--17873904075066__3866641d-f340-4564-8746-6506f8acff7b-16792561211883de9b-0":{"type":"item","settings":{"icon":"bi-fast-delivery","title":"Free delivery nationwide","content":"<p>Free delivery for orders within Lahore<\/p>"}},"template--17873904075066__3866641d-f340-4564-8746-6506f8acff7b-16792561211883de9b-1":{"type":"item","settings":{"icon":"bi-chat","title":"Support","content":"<p>Our support is available 24\/7<\/p>"}},"template--17873904075066__3866641d-f340-4564-8746-6506f8acff7b-16792561211883de9b-2":{"type":"item","settings":{"icon":"bi-newsletter","title":"Newsletter","content":"<p>Get discount when you subscribe to our newsletter<\/p>"}},"template--17873904075066__3866641d-f340-4564-8746-6506f8acff7b-16792561211883de9b-3":{"type":"item","settings":{"icon":"bi-secure-payment","title":"Secure payments","content":"<p>Your payment information is processed securely<\/p>"}}},"block_order":["template--17873904075066__3866641d-f340-4564-8746-6506f8acff7b-16792561211883de9b-0","template--17873904075066__3866641d-f340-4564-8746-6506f8acff7b-16792561211883de9b-1","template--17873904075066__3866641d-f340-4564-8746-6506f8acff7b-16792561211883de9b-2","template--17873904075066__3866641d-f340-4564-8746-6506f8acff7b-16792561211883de9b-3"],"settings":{"stack_mobile":false}},"newsletter":{"type":"newsletter","settings":{"title":"Newsletter","content":"<p>Get special discounts when you subscribe to our newsletter<\/p>","background":"#474747","text":"#ffffff"}}},"order":["3115bf9d-62ce-4063-8443-3c1a5ae35fde","collection-list","97661852-39df-41c0-b798-42576629ee48","063b99e8-a4bf-409a-9522-1b79dc9a5d73","4c37380f-5553-49fd-8594-ee1b7206a983","261eebd0-df26-4951-be4b-e5992570e153","21414aa7-db32-4768-bcb5-c98737c0d4a1","266c33e0-3b93-43d4-b26d-9da631996e0b","b701807f-a119-4c9c-8e25-ad66ba75e0a0","ee4f2723-f450-417d-a4c1-3c009b527871","featured-product","f033a6bc-10d2-4e61-b239-6eb80b110133","d929f4c0-4fd2-4880-9e6f-3c9f94b17b1a","text-with-icons","eb21e44c-fa08-4ac1-a22f-f1b74e4c8c31","168067434382d53729","42e14a0a-6a87-4b9b-92c7-c8756c97bb26","3866641d-f340-4564-8746-6506f8acff7b","newsletter"]}