{"sections":{"main":{"type":"main-page","settings":{}},"contact-form":{"type":"contact-form","settings":{"form_heading":"","show_store_info":false,"store_heading":"Find us","store_info":""}},"53560fd5-7417-4abb-a5a6-993cd66961bd":{"type":"custom-html","settings":{"title":"Click to Navigate Our Location:","html":"<iframe src=\"https:\/\/www.google.com\/maps\/embed?pb=!1m18!1m12!1m3!1d27217.494718983064!2d74.36042813955075!3d31.491547800000017!2m3!1f0!2f0!3f0!3m2!1i1024!2i768!4f13.1!3m3!1m2!1s0x391905de7c9152b1%3A0x3561f57c25dffcbd!2se-Lux%2C%20A%20Home%20Store!5e0!3m2!1sen!2s!4v1680673912818!5m2!1sen!2s\" width=\"1390\" height=\"450\" style=\"border:0;\" allowfullscreen=\"\" loading=\"lazy\" referrerpolicy=\"no-referrer-when-downgrade\"><\/iframe>"}}},"order":["main","contact-form","53560fd5-7417-4abb-a5a6-993cd66961bd"]}