{"sections":{"main":{"type":"main-product","blocks":{"product_meta":{"type":"product_meta","settings":{"show_vendor":true,"show_sku":true,"show_reviews_badge":true,"show_share_buttons":true}},"variant_selector":{"type":"variant_selector","settings":{"selector_mode":"block","color_mode":"color","show_quantity_selector":true,"show_taxes_included":false,"show_inventory_quantity":false,"low_inventory_threshold":0}},"buy_buttons":{"type":"buy_buttons","settings":{"show_payment_button":true}},"description":{"type":"description","settings":{"display_mode":"show_all"}}},"block_order":["product_meta","variant_selector","buy_buttons","description"],"custom_css":["a {color: #0037ff;}",".breadcrumb__link {color: #0037ff;}",".product-meta__title {color: black; font-size: 22px;}",".social-media__item svg{opacity: .9;"],"settings":{"image_size":"medium","enable_video_looping":true,"enable_image_zoom":false,"zoom_effect":"inside","carousel_effect":"slide"}},"product-recommendations":{"type":"product-recommendations","blocks":{"2e68b815-0898-428d-b25b-fe2234950f14":{"type":"product","settings":{"product":""}}},"block_order":["2e68b815-0898-428d-b25b-fe2234950f14"],"settings":{"heading":"You may also like","show_quick_buy":false}},"recently-viewed-products":{"type":"recently-viewed-products","settings":{"title":"Recently viewed","show_quick_buy":false}},"16770510653edf54f9":{"type":"apps","blocks":{"143545fc-3f6d-4859-a308-03639acd5dee":{"type":"shopify:\/\/apps\/product-reviews\/blocks\/reviews\/bae150af-8da8-48b2-9867-398188115e5f","settings":{}}},"block_order":["143545fc-3f6d-4859-a308-03639acd5dee"],"settings":{"include_margins":true}}},"order":["main","product-recommendations","recently-viewed-products","16770510653edf54f9"]}